Emplyee name,Emplyee name,,,,,,,,
Adelaide L Harrop,Abram S Manrique,N,,,,,,,
Aiko Blossom,Adalberto W Creek,N,,,,,,,
Alexis Q Grose,Adele M Burnam,N,,,,,,,Candelaria Zajicek
Aliza X Sammons,Adelia U Villagomez,N,,,,,,,Carlotta T Ryles
America V Lobel,Adell W Trower,N,,,,,,,Carmelia E Bergeron
Amiee Z Chaffins,Ahmed I Strope,N,,,,,,,Carolin T Loya
Andrew Detweiler,Ahmed V Lease,N,,,,,,,Clemente S Wiechmann
Brendon E Mone,Al Fegley,N,,,,,,,Inocencia Z Buteau
Buck H Rancourt,Alease Y Lander,N,,,,,,,Janie P Caswell
Candelaria Zajicek,Alexis D Bonelli,N,,,,,,,Kaye Tubbs
Carlotta T Ryles,Allen L Vachon,N,,,,,,,Stephan Q Ranger
Carmelia E Bergeron,Alphonso U Laffoon,N,,,,,,,
Carolin T Loya,Amado C Bonet,N,,,,,,,
Carolynn V Moynihan,Amelia H Burbank,N,,,,,,,
Cecily D Houser,Andre Q Maxon,N,,,,,,,
Celine Baskin,Andrea Rhymes,N,,,,,,,
Christie Rodger,Angelo B Fitzmaurice,N,,,,,,,
Clemente S Wiechmann,Armida Bridwell,N,,,,,,,
Deanna P Scoggin,Arron R Vegas,N,,,,,,,
Detra D Rymer,Astrid Marinelli,N,,,,,,,
Devin Hales,August C Strother,N,,,,,,,
Dulce E Grizzard,August F Dones,N,,,,,,,
Edmund Mcclung,Austin Janney,N,,,,,,,
Elsy B Latta,Barak Sali,N,,,,,,,
Fernando S Korhonen,Beatrice Coen,N,,,,,,,
Garnett Dryer,Bernard A Harbert,N,,,,,,,
Garrett S Nolette,Bernardo X Barbee,N,,,,,,,
Inocencia Z Buteau,Bertha E Harbison,N,,,,,,,
Jamaal Z Resto,Bethann Marini,N,,,,,,,
Jamel Meaney,Blanch Y Mysliwiec,N,,,,,,,
Janie P Caswell,Bobbie X Schoenrock,N,,,,,,,
Jayson S Carrol,Brendon J Camp,N,,,,,,,
Jeff E Lucero,Bryan V Guyton,N,,,,,,,
Jeneva Y Bybee,Cameron K Gratton,N,,,,,,,
Jerlene P Dunnigan,Candelaria Zajicek,Y,Candelaria Zajicek,,,,,,
Jolanda Dewees,Carlotta T Ryles,Y,Carlotta T Ryles,,,,,,
Jon Arvizu,Carlton P Bose,N,,,,,,,
Jon Behler,Carmelia E Bergeron,Y,Carmelia E Bergeron,,,,,,
Jordan Phu,Carmen U Benbow,N,,,,,,,
Julius Q Stock,Carolin T Loya,Y,Carolin T Loya,,,,,,
Kaye Tubbs,Carter C Hunt,N,,,,,,,
Keira Y Till,Cedrick K Engelhardt,N,,,,,,,
Ken X Weisberg,Celinda C Magruder,N,,,,,,,
Kendrick C Burchette,Charlie V Koeller,N,,,,,,,
Kenton Q Villalta,Chase Paradise,N,,,,,,,
Kylie K Freda,Chase T Scurry,N,,,,,,,
Larry K Mash,Chere Patchett,N,,,,,,,
Laurena P Caston,Cindie T Madden,N,,,,,,,
Loren H Mckenzie,Clemente S Wiechmann,Y,Clemente S Wiechmann,,,,,,
Mack L Lykes,Clint Strayhorn,N,,,,,,,
Mauricio I Streets,Cole Dellinger,N,,,,,,,
Maximina K Frates,Cordell M Tweedy,N,,,,,,,
Narcisa C Rayburn,Cordia M Knopp,N,,,,,,,
Nettie T Mccandless,Corina U Korhonen,N,,,,,,,
Patria D Riedel,Curtis E Quayle,N,,,,,,,
Reinaldo G Castellanos,Dane Lawrence,N,,,,,,,
Renaldo K Cheatham,Danette A Kuykendall,N,,,,,,,
Scott D Torrey,Deandre U Groleau,N,,,,,,,
Sheryll X Broadbent,Devin U Hales,N,,,,,,,
Stephan Q Ranger,Dion K Taylor,N,,,,,,,
Stewart Mazurek,Dion Taylor,N,,,,,,,
Susana H Hooks,Don Southwick,N,,,,,,,
Taneka Q Church,Donald H Mazur,N,,,,,,,
Taylor Thill,Donald P Phaneuf,N,,,,,,,
Therese Q Belden,Donnell Babbitt,N,,,,,,,
Tiny Q Llanos,Dorothea J Canterbury,N,,,,,,,
Toney W Bollman,Douglas Cull,N,,,,,,,
Toya B Rawlins,Doyle T Grindstaff,N,,,,,,,
Valene Z Woodmansee,Ed Shockley,N,,,,,,,
Vaughn Garica,Edmundo R Rew,N,,,,,,,
Vernell X Amado,Efrain Moats,N,,,,,,,
Walton S Keim,Elaine B Randazzo,N,,,,,,,
,Elease H Burger,N,,,,,,,
,Eleonora S Pollard,N,,,,,,,
,Elroy Kimbler,N,,,,,,,
,Elroy N Kimbler,N,,,,,,,
,Elvis Stroh,N,,,,,,,
,Emmanuel G Chamorro,N,,,,,,,
,Ena Thor,N,,,,,,,
,Erin K Stclair,N,,,,,,,
,Ernestine E Fludd,N,,,,,,,
,Ewa B Staples,N,,,,,,,
,Exie C Bradham,N,,,,,,,
,Faustino Scheffel,N,,,,,,,
,Federico I Carlile,N,,,,,,,
,Fermin L Zapata,N,,,,,,,
,Forrest Q Zell,N,,,,,,,
,Frankie I Speed,N,,,,,,,
,Fredericka J Varney,N,,,,,,,
,Gabriel S Beale,N,,,,,,,
,Gavin V Mckillip,N,,,,,,,
,Genaro Lukasik,N,,,,,,,
,Georgiann Harrell,N,,,,,,,
,Gerry D Woolery,N,,,,,,,
,Gerry X Koh,N,,,,,,,
,Gia M Casas,N,,,,,,,
,Gilberto U Greaves,N,,,,,,,
,Giuseppina E Fink,N,,,,,,,
,Graham O Romeo,N,,,,,,,
,Guy S Troy,N,,,,,,,
,Gwyn I Parish,N,,,,,,,
,Herb B Irving,N,,,,,,,
,Heriberto Starkey,N,,,,,,,
,Hiram K Stokely,N,,,,,,,
,Hollis Z Carr,N,,,,,,,
,Hui E Bizzell,N,,,,,,,
,Hung H Nicola,N,,,,,,,
,Hyun M Gloss,N,,,,,,,
,Hyun Z Bynoe,N,,,,,,,
,Inocencia Z Buteau,Y,Inocencia Z Buteau,,,,,,
,Isaiah Y Magwood,N,,,,,,,
,Isiah S Coppock,N,,,,,,,
,Isis N Rufus,N,,,,,,,
,Izetta B Alford,N,,,,,,,
,Jacinta Y Cheney,N,,,,,,,
,Jackie Sachs,N,,,,,,,
,Jae B Isabell,N,,,,,,,
,Jamey S Seim,N,,,,,,,
,Jamison U Crutchfield,N,,,,,,,
,Janie P Caswell,Y,Janie P Caswell,,,,,,
,Jeff W Zacarias,N,,,,,,,
,Jeffrey Berg,N,,,,,,,
,Jennefer Ours,N,,,,,,,
,Jeramy T Londono,N,,,,,,,
,Jesus E Mclelland,N,,,,,,,
,Joel S Maine,N,,,,,,,
,Joleen H Chea,N,,,,,,,
,Joline Frisby,N,,,,,,,
,Josette Betancourt,N,,,,,,,
,Josette R Betancourt,N,,,,,,,
,Julius N Bakker,N,,,,,,,
,Junita Huhn,N,,,,,,,
,Kassie Akers,N,,,,,,,
,Kassie Q Binder,N,,,,,,,
,Kaye Tubbs,Y,Kaye Tubbs,,,,,,
,Kermit L Mcphail,N,,,,,,,
,Keven A Jewell,N,,,,,,,
,Keven H Araiza,N,,,,,,,
,Kieth D Castelli,N,,,,,,,
,Kindra V Cruickshank,N,,,,,,,
,Kizzy W Brazelton,N,,,,,,,
,Kristle D Figgs,N,,,,,,,
,Lacy Q Deshotel,N,,,,,,,
,Lamar L Legg,N,,,,,,,
,Lavette P Cheney,N,,,,,,,
,Leif Y Harness,N,,,,,,,
,Les V Gran,N,,,,,,,
,Liana T Quesenberry,N,,,,,,,
,Lidia Kuiper,N,,,,,,,
,Lilli Tartt,N,,,,,,,
,Lincoln Demaria,N,,,,,,,
,Lindsey W Whittle,N,,,,,,,
,Linh U Ashton,N,,,,,,,
,Lino M Lizarraga,N,,,,,,,
,Lizzie D Ratcliff,N,,,,,,,
,Loraine Barnes,N,,,,,,,
,Lorri Garney,N,,,,,,,
,Lottie Bonin,N,,,,,,,
,Lucinda Z Borton,N,,,,,,,
,Luigi G Lembo,N,,,,,,,
,Lyla Donald,N,,,,,,,
,Lyla Q Donald,N,,,,,,,
,Mandy Lavalley,N,,,,,,,
,Marcell T Farias,N,,,,,,,
,Marg Dunfee,N,,,,,,,
,Margarito O Retana,N,,,,,,,
,Marina X Quayle,N,,,,,,,
,Mary Y Tate,N,,,,,,,
,Maryln H Springfield,N,,,,,,,
,Marylynn Ealey,N,,,,,,,
,Meda I Hayner,N,,,,,,,
,Mei H Silvera,N,,,,,,,
,Meryl B Jude,N,,,,,,,
,Mica Z Herzberg,N,,,,,,,
,Micki R Jauregui,N,,,,,,,
,Mika J Rodriquez,N,,,,,,,
,Morgan Carriere,N,,,,,,,
,Morgan V Leonetti,N,,,,,,,
,Mose Brucker,N,,,,,,,
,Nelson Dubuc,N,,,,,,,
,Newton L Cromartie,N,,,,,,,
,Norris P Ewen,N,,,,,,,
,Omer H Moultrie,N,,,,,,,
,Oren M Mcnabb,N,,,,,,,
,Oren Mcnabb,N,,,,,,,
,Otto Reilly,N,,,,,,,
,Pansy F Duchesne,N,,,,,,,
,Prince Maloof,N,,,,,,,
,Ramonita Z Fincher,N,,,,,,,
,Raymon I Chavarria,N,,,,,,,
,Reanna I Hampton,N,,,,,,,
,Reed O Vella,N,,,,,,,
,Reinaldo Castellanos,N,,,,,,,
,Robert F Trudeau,N,,,,,,,
,Rodney Leonardo,N,,,,,,,
,Rory Syed,N,,,,,,,
,Rosaline H Brenneman,N,,,,,,,
,Roscoe Tunney,N,,,,,,,
,Rozanne N Mielke,N,,,,,,,
,Rufus F Furlong,N,,,,,,,
,Russ I Teed,N,,,,,,,
,Salena Santillan,N,,,,,,,
,Sam E Lacey,N,,,,,,,
,Seth Willilams,N,,,,,,,
,Shavonne B Boylan,N,,,,,,,
,Sherlene E Mcdaniel,N,,,,,,,
,Sherryl B Raker,N,,,,,,,
,Stanton Y Cavallaro,N,,,,,,,
,Stephan Q Ranger,Y,Stephan Q Ranger,,,,,,
,Steven Daigneault,N,,,,,,,
,Sunshine F Earle,N,,,,,,,
,Susana Hooks,N,,,,,,,
,Susann A Faucett,N,,,,,,,
,Suzette Lovejoy,N,,,,,,,
,Tamesha I Knepper,N,,,,,,,
,Tamica J Holoman,N,,,,,,,
,Tawanda E Buchanon,N,,,,,,,
,Terra D Routh,N,,,,,,,
,Theresa R Fitzmaurice,N,,,,,,,
,Theron T Kramer,N,,,,,,,
,Thomas H Huang,N,,,,,,,
,Thora Vanhook,N,,,,,,,
,Tonja Lenahan,N,,,,,,,
,Tracie J Winebarger,N,,,,,,,
,Ula W Hartl,N,,,,,,,
,Valeria Fang,N,,,,,,,
,Verla H Contreras,N,,,,,,,
,Victor Helmuth,N,,,,,,,
,Whitney N Wasinger,N,,,,,,,
,William B Mcnerney,N,,,,,,,
,Willian Zeringue,N,,,,,,,
,Willis D Weissman,N,,,,,,,
,Windy A Dudek,N,,,,,,,
,Winona Slape,N,,,,,,,
,Young W Funes,N,,,,,,,
,Zane J Hurdle,N,,,,,,,
,Zella Renn,N,,,,,,,
