Emplyee name,Will be retrenched
Abram S Manrique,1
Adalberto W Creek,1
Adele M Burnam,1
Adelia U Villagomez,1
Adell W Trower,1
Ahmed I Strope,1
Ahmed V Lease,1
Al Fegley,1
Alease Y Lander,1
Alexis D Bonelli,1
Allen L Vachon,1
Alphonso U Laffoon,1
Amado C Bonet,1
Amelia H Burbank,1
Andre Q Maxon,1
Andrea Rhymes,1
Angelo B Fitzmaurice,1
Armida Bridwell,1
Arron R Vegas,1
Astrid Marinelli,1
August C Strother,1
August F Dones,1
Austin Janney,1
Barak Sali,1
Beatrice Coen,1
Bernard A Harbert,1
Bernardo X Barbee,1
Bertha E Harbison,1
Bethann Marini,1
Blanch Y Mysliwiec,1
Bobbie X Schoenrock,1
Brendon J Camp,1
Bryan V Guyton,1
Cameron K Gratton,1
Candelaria Zajicek,1
Carlotta T Ryles,1
Carlton P Bose,1
Carmelia E Bergeron,1
Carmen U Benbow,1
Carolin T Loya,1
Carter C Hunt,1
Cedrick K Engelhardt,1
Celinda C Magruder,1
Charlie V Koeller,1
Chase Paradise,1
Chase T Scurry,1
Chere Patchett,1
Cindie T Madden,1
Clemente S Wiechmann,1
Clint Strayhorn,1
Cole Dellinger,1
Cordell M Tweedy,1
Cordia M Knopp,1
Corina U Korhonen,1
Curtis E Quayle,1
Dane Lawrence,1
Danette A Kuykendall,1
Deandre U Groleau,1
Devin U Hales,1
Dion K Taylor,1
Dion Taylor,1
Don Southwick,1
Donald H Mazur,1
Donald P Phaneuf,1
Donnell Babbitt,1
Dorothea J Canterbury,1
Douglas Cull,1
Doyle T Grindstaff,1
Ed Shockley,1
Edmundo R Rew,1
Efrain Moats,1
Elaine B Randazzo,1
Elease H Burger,1
Eleonora S Pollard,1
Elroy Kimbler,1
Elroy N Kimbler,1
Elvis Stroh,1
Emmanuel G Chamorro,1
Ena Thor,1
Erin K Stclair,1
Ernestine E Fludd,1
Ewa B Staples,1
Exie C Bradham,1
Faustino Scheffel,1
Federico I Carlile,1
Fermin L Zapata,1
Forrest Q Zell,1
Frankie I Speed,1
Fredericka J Varney,1
Gabriel S Beale,1
Gavin V Mckillip,1
Genaro Lukasik,1
Georgiann Harrell,1
Gerry D Woolery,1
Gerry X Koh,1
Gia M Casas,1
Gilberto U Greaves,1
Giuseppina E Fink,1
Graham O Romeo,1
Guy S Troy,1
Gwyn I Parish,1
Herb B Irving,1
Heriberto Starkey,1
Hiram K Stokely,1
Hollis Z Carr,1
Hui E Bizzell,1
Hung H Nicola,1
Hyun M Gloss,1
Hyun Z Bynoe,1
Inocencia Z Buteau,1
Isaiah Y Magwood,1
Isiah S Coppock,1
Isis N Rufus,1
Izetta B Alford,1
Jacinta Y Cheney,1
Jackie Sachs,1
Jae B Isabell,1
Jamey S Seim,1
Jamison U Crutchfield,1
Janie P Caswell,1
Jeff W Zacarias,1
Jeffrey Berg,1
Jennefer Ours,1
Jeramy T Londono,1
Jesus E Mclelland,1
Joel S Maine,1
Joleen H Chea,1
Joline Frisby,1
Josette Betancourt,1
Josette R Betancourt,1
Julius N Bakker,1
Junita Huhn,1
Kassie Akers,1
Kassie Q Binder,1
Kaye Tubbs,1
Kermit L Mcphail,1
Keven A Jewell,1
Keven H Araiza,1
Kieth D Castelli,1
Kindra V Cruickshank,1
Kizzy W Brazelton,1
Kristle D Figgs,1
Lacy Q Deshotel,1
Lamar L Legg,1
Lavette P Cheney,1
Leif Y Harness,1
Les V Gran,1
Liana T Quesenberry,1
Lidia Kuiper,1
Lilli Tartt,1
Lincoln Demaria,1
Lindsey W Whittle,1
Linh U Ashton,1
Lino M Lizarraga,1
Lizzie D Ratcliff,1
Loraine Barnes,1
Lorri Garney,1
Lottie Bonin,1
Lucinda Z Borton,1
Luigi G Lembo,1
Lyla Donald,1
Lyla Q Donald,1
Mandy Lavalley,1
Marcell T Farias,1
Marg Dunfee,1
Margarito O Retana,1
Marina X Quayle,1
Mary Y Tate,1
Maryln H Springfield,1
Marylynn Ealey,1
Meda I Hayner,1
Mei H Silvera,1
Meryl B Jude,1
Mica Z Herzberg,1
Micki R Jauregui,1
Mika J Rodriquez,1
Morgan Carriere,1
Morgan V Leonetti,1
Mose Brucker,1
Nelson Dubuc,1
Newton L Cromartie,1
Norris P Ewen,1
Omer H Moultrie,1
Oren M Mcnabb,1
Oren Mcnabb,1
Otto Reilly,1
Pansy F Duchesne,1
Prince Maloof,1
Ramonita Z Fincher,1
Raymon I Chavarria,1
Reanna I Hampton,1
Reed O Vella,1
Reinaldo Castellanos,1
Robert F Trudeau,1
Rodney Leonardo,1
Rory Syed,1
Rosaline H Brenneman,1
Roscoe Tunney,1
Rozanne N Mielke,1
Rufus F Furlong,1
Russ I Teed,1
Salena Santillan,1
Sam E Lacey,1
Seth Willilams,1
Shavonne B Boylan,1
Sherlene E Mcdaniel,1
Sherryl B Raker,1
Stanton Y Cavallaro,1
Stephan Q Ranger,1
Steven Daigneault,1
Sunshine F Earle,1
Susana Hooks,1
Susann A Faucett,1
Suzette Lovejoy,1
Tamesha I Knepper,1
Tamica J Holoman,1
Tawanda E Buchanon,1
Terra D Routh,1
Theresa R Fitzmaurice,1
Theron T Kramer,1
Thomas H Huang,1
Thora Vanhook,1
Tonja Lenahan,1
Tracie J Winebarger,1
Ula W Hartl,1
Valeria Fang,1
Verla H Contreras,1
Victor Helmuth,1
Whitney N Wasinger,1
William B Mcnerney,1
Willian Zeringue,1
Willis D Weissman,1
Windy A Dudek,1
Winona Slape,1
Young W Funes,1
Zane J Hurdle,1
Zella Renn,1
